id,user,likes,dislikes,followers
25,hdaykino,882,2187,11316
28,rkinghornr,1081,1851,18750
32,nthurlbeckv,2162,2957,18611
35,cmarshamy,1944,2478,19119
40,rworsley13,1508,2382,12403
41,hdominetti14,1047,2481,10962
43,tpfeffer16,1390,2965,10421
53,jsaing1g,2130,3006,10174
54,hnairns1h,1849,3169,11155
58,kmeineken1l,756,2501,18402
68,svasin1v,1818,2026,17212
69,gletts1w,792,847,13965
70,jjosefsen1x,665,3377,11488
71,tmckeaney1y,2081,3471,14626
72,mlorden1z,643,810,10068
73,cdmitrievski20,1531,3475,18992
75,agehringer22,1410,3278,15139
77,mlovatt24,864,1399,11255
78,pboyack25,673,916,11117
79,kklemencic26,2766,2887,18295
80,mvossgen27,1032,1061,12165
81,lnorcliff28,1231,2893,14711
82,rphilp29,2161,3428,10951
83,wjeavon2a,2825,3219,14524
88,lholbarrow2f,2635,3009,12574
91,wcluff2i,2238,3246,13065
92,udubock2j,1710,3020,12910
94,eearey2l,1543,2067,11600
96,lkabsch2n,851,3048,18425
99,apetrecz2q,686,1663,14218
