id,user,likes,dislikes,followers
1,lmalletratt0,4646,3182,15395
9,mlumly8,4379,1553,13889
10,mduerden9,4223,2786,16091
12,acalcottb,4002,915,18747
18,rrosewarneh,4655,2180,19362
19,dmayoi,4865,3124,13503
23,zfurseym,4647,2213,11367
26,pmingop,4382,2242,10375
29,gmerrgans,4433,3450,18659
33,scroalw,4180,875,17579
37,loates10,4409,2315,16592
39,jdeackes12,4624,2811,13127
42,kitzakovitz15,4546,2065,16503
60,cburder1n,4268,952,14213
63,cgossling1q,4121,2983,16508
64,snoller1r,4946,2466,16567
65,cfriday1s,4536,702,14131
67,chintzer1u,4090,3346,11080
84,skingston2b,4791,704,11954
90,malexis2h,4153,3079,16355
95,tquartermaine2m,4293,1016,15143
