id,user,likes,dislikes,followers
3,vhowgego2,4780,2039,15443
4,mmcsporrin3,4050,3342,15677
8,pcucinotta7,4932,1660,12423
13,hfenlonc,4186,1472,16708
18,rrosewarneh,4377,575,10984
20,dgannanj,4461,3249,11514
24,asummersiden,4760,1640,13289
28,rkinghornr,4904,1859,13444
41,hdominetti14,4661,627,19049
44,ojanu17,4785,725,14303
49,mboycott1c,4443,1874,16451
54,hnairns1h,4590,2241,16602
56,mtithecott1j,4696,2173,16700
57,mchastaing1k,4737,575,11740
65,cfriday1s,4336,1312,14351
70,jjosefsen1x,4329,1453,11448
73,cdmitrievski20,4192,508,18796
80,mvossgen27,4383,3067,13517
81,lnorcliff28,4344,1442,18453
82,rphilp29,4405,1524,11420
84,skingston2b,4968,3013,17411
91,wcluff2i,4286,912,11838
94,eearey2l,4744,832,19399
97,gmacsharry2o,4118,892,17720
99,apetrecz2q,4914,3141,16779
